{"health":-5,"score":2,"x":1.718501329421997,"y":4.007501125335693}