{"health":40,"score":0,"x":1.172499656677246,"y":2.1130008697509766}